{
  "linear_regression": {
    "rmse": 6.860995110250777,
    "mae": 4.314956194477103
  },
  "random_forest": {
    "rmse": 3.9390763763017764,
    "mae": 1.580773507047345
  }
}